Juan Martinez,juanmartinez@example.com,30
Maria Lopez,marialopez@example.com,25
Carlos Garcia,carlosgarcia@example.com,35
Laura Hernandez,laurahernandez@example.com,28
Pedro Alvarez,pedroalvarez@example.com,32
Ana Torres,anatorres@example.com,27
Luis Fernandez,luisfernandez@example.com,40
Marta Sanchez,martasanchez@example.com,29
Javier Gomez,javiergomez@example.com,36
Elena Ruiz,elenaruiz@example.com,33
Raul Jimenez,rauljimenez@example.com,31
Isabel Morales,isabelmorales@example.com,26
Alberto Diaz,albertodiaz@example.com,38
Sofia Castro,sofiacastro@example.com,24
Manuel Ortiz,manuelortiz@example.com,45
Clara Ramirez,clararamirez@example.com,28
Sergio Vega,sergiovega@example.com,37
Patricia Herrera,patriciaherrera@example.com,30
Victor Gutierrez,victorgutierrez@example.com,34